Chemical,
SlFM0004,
SlFM0006,
SlFM0013,
SlFM0015,
SlFM0023,
SlFM0038,
SlFM0042,
SlFM0043,
SlFM0052,
SlFM0058,
SlFM0061,
SlFM0064,
SlFM0070,
SlFM0076,
SlFM0081,
SlFM0085,
SlFM0108,
SlFM0109,
SlFM0114,
SlFM0116,
SlFM0118,
SlFM0120,
SlFM0121,
SlFM0127,
SlFM0138,
SlFM0151,
SlFM0160,
SlFM0161,
SlFM0166,
SlFM0184,
SlFM0189,
SlFM0194,
SlFM0195,
SlFM0197,
SlFM0201,
SlFM0206,
SlFM0219,
SlFM0220,
SlFM0221,
SlFM0224,
SlFM0233,
SlFM0240,
SlFM0243,
SlFM0245,
SlFM0246,
SlFM0256,
SlFM0258,
SlFM0265,
SlFM0275,
SlFM0278,
SlFM0284,
SlFM0288,
SlFM0289,
SlFM0293,
SlFM0294,
SlFM0300,
SlFM0308,
SlFM0311,
SlFM0313,
SlFM0322,
SlFM0324,
SlFM0328,
SlFM0329,
SlFM0332,
SlFM0335,
SlFM0348,
SlFM0350,
SlFM0355,
SlFM0358,
SlFM0359,
SlFM0363,
SlFM0365,
SlFM0370,
SlFM0373,
SlFM0376,
SlFM0382,
SlFM0387,
SlFM0388,
SlFM0396,
SlFM0404,
SlFM0405,
SlFM0406,
SlFM0411,
SlFM0412,
SlFM0415,
SlFM0422,
SlFM0425,
SlFM0434,
SlFM0445,
SlFM0454,
SlFM0465,
SlFM0466,
SlFM0473,
SlFM0476,
SlFM0487,
SlFM0495,
SlFM0498,
SlFM0506,
SlFM0509,
SlFM0510,
SlFM0517,
SlFM0524,
SlFM0565,
SlFM0572,
SlFM0575,
SlFM0577,
SlFM0582,
SlFM0585,
SlFM0586,
SlFM0589,
SlFM0591,
SlFM0600,
SlFM0601,
SlFM0602,
SlFM0604,
SlFM0618,
SlFM0619,
SlFM0631,
SlFM0638,
SlFM0639,
SlFM0656,
SlFM0669,
SlFM0679,
SlFM0690,
SlFM0691,
SlFM0695,
SlFM0696,
SlFM0701,
SlFM0704,
SlFM0707,
SlFM0709,
SlFM0717,
SlFM0720,
SlFM0733,
SlFM0737,
SlFM0741,
SlFM0742,
SlFM0743,
SlFM0745,
SlFM0747,
SlFM0748,
SlFM0764,
SlFM0777,
SlFM0786,
SlFM0789,
SlFM0794,
SlFM0798,
SlFM0802,
SlFM0819,
SlFM0838,
SlFM0846,
SlFM0852,
SlFM0879,
SlFM0883,
SlFM0894,
SlFM0900,
SlFM0906,
SlFM0907,
SlFM0912,
SlFM0917,
SlFM0919,
SlFM0923,
SlFM0928,
SlFM0929,
SlFM0931,
SlFM0938,
SlFM0941,
SlFM0944,
SlFM0951,
SlFM0962,
SlFM0967,
SlFM0969,
SlFM0970,
SlFM0974,
SlFM0976,
SlFM0978,
SlFM0981,
SlFM0984,
SlFM0990,
SlFM0994,
SlFM0995,
SlFM1000,
SlFM1003,
SlFM1007,
SlFM1009,
SlFM1010,
SlFM1011,
SlFM1015,
SlFM1020,
SlFM1021,
SlFM1024,
SlFM1025,
SlFM1031,
SlFM1034,
SlFM1039,
SlFM1045,
SlFM1061,
SlFM1063,
SlFM1065,
SlFM1072,
SlFM1073,
SlFM1084,
SlFM1085,
SlFM1086,
SlFM1090,
SlFM1092,
SlFM1096,
SlFM1100,
SlFM1104,
SlFM1106,
SlFM1113,
SlFM1114,
SlFM1122,
SlFM1124,
SlFM1126,
SlFM1127,
SlFM1129,
SlFM1130,
SlFM1131,
SlFM1137,
SlFM1139,
SlFM1153,
SlFM1160,
SlFM1162,
SlFM1163,
SlFM1171,
SlFM1178,
SlFM1179,
SlFM1185,
SlFM1189,
SlFM1194,
SlFM1195,
SlFM1204,
SlFM1208,
SlFM1212,
SlFM1242,
SlFM1245,
SlFM1255,
SlFM1256,
SlFM1260,
SlFM1277,
SlFM1278,
SlFM1279,
SlFM1285,
SlFM1292,
SlFM1294,
SlFM1295,
SlFM1297,
SlFM1298,
SlFM1299,
SlFM1300,
SlFM1302,
SlFM1305,
SlFM1316,
SlFM1320,
SlFM1323,
SlFM1340,
SlFM1341,
SlFM1345,
SlFM1347,
SlFM1354,
SlFM1361,
SlFM1362,
SlFM1363,
SlFM1364,
SlFM1365,
SlFM1369,
SlFM1383,
SlFM1384,
SlFM1385,
SlFM1390,
SlFM1392,
SlFM1393,
SlFM1397,
SlFM1408,
SlFM1415,
SlFM1419,
SlFM1420,
SlFM1438,
SlFM1444,
SlFM1450,
SlFM1453,
SlFM1456,
SlFM1460,
SlFM1462,
SlFM1464,
SlFM1470,
SlFM1472,
SlFM1473,
SlFM1492,
SlFM1493,
SlFM1498,
SlFM1503,
SlFM1504,
SlFM1506,
SlFM1512,
SlFM1513,
SlFM1520,
SlFM1524,
SlFM1525,
SlFM1527,
SlFM1531,
SlFM1534,
SlFM1535,
SlFM1537,
SlFM1541,
SlFM1542,
SlFM1544,
SlFM1547,
SlFM1550,
SlFM1551,
SlFM1552,
SlFM1565,
SlFM1571,
SlFM1574,
SlFM1576,
SlFM1584,
SlFM1585,
SlFM1586,
SlFM1592,
SlFM1612,
SlFM1654,
SlFM1655,
SlFM1658,
SlFM1660,
SlFM1661,
SlFM1664,
SlFM1673,
SlFM1677,
SlFM1695,
SlFM1706,
SlFM1709,
SlFM1710,
SlFM1730,
SlFM1732,
SlFM1740,
SlFM1744,
SlFM1745,
SlFM1747,
SlFM1750,
SlFM1751,
SlFM1754,
SlFM1755,
SlFM1758,
SlFM1767,
SlFM1773,
SlFM1774,
SlFM1784,
SlFM1796,
SlFM1800,
SlFM1804,
SlFM1806,
SlFM1809,
SlFM1816,
SlFM1817,
SlFM1834,
SlFM1843,
SlFM1847,
SlFM1848,
SlFM1849,
SlFM1851,
SlFM1854,
SlFM1872,
SlFM1882,
SlFM1884,
SlFM1885,
SlFM1886,
SlFM1892,
SlFM1897,
SlFM1899,
SlFM1900,
SlFM1901,
SlFM1911,
SlFM1928,
SlFM1929,
SlFM1932,
SlFM1934,
SlFM1946,
SlFM1948,
SlFM1949,
SlFM1952,
SlFM1954,
SlFM1973,
SlFM1986,
SlFM1990,
SlFM1994,
SlFM1997,
SlFM1999,
SlFM2000,
SlFM0001,
SlFM0002,
SlFM0003,
SlFM0007,
SlFM0008,
SlFM0009,
SlFM0010,
SlFM0011,
SlFM0018,
SlFM0019,
SlFM0020,
SlFM0022,
SlFM0024,
SlFM0027,
SlFM0029,
SlFM0031,
SlFM0036,
SlFM0037,
SlFM0041,
SlFM0044,
SlFM0046,
SlFM0047,
SlFM0048,
SlFM0049,
SlFM0054,
SlFM0055,
SlFM0059,
SlFM0066,
SlFM0069,
SlFM0071,
SlFM0072,
SlFM0074,
SlFM0078,
SlFM0079,
SlFM0080,
SlFM0082,
SlFM0083,
SlFM0084,
SlFM0086,
SlFM0093,
SlFM0095,
SlFM0096,
SlFM0100,
SlFM0101,
SlFM0103,
SlFM0104,
SlFM0106,
SlFM0110,
SlFM0115,
SlFM0117,
SlFM0122,
SlFM0131,
SlFM0136,
SlFM0139,
SlFM0142,
SlFM0143,
SlFM0145,
SlFM0146,
SlFM0147,
SlFM0154,
SlFM0155,
SlFM0157,
SlFM0158,
SlFM0159,
SlFM0168,
SlFM0170,
SlFM0173,
SlFM0174,
SlFM0176,
SlFM0178,
SlFM0179,
SlFM0180,
SlFM0181,
SlFM0182,
SlFM0190,
SlFM0191,
SlFM0198,
SlFM0203,
SlFM0212,
SlFM0213,
SlFM0216,
SlFM0217,
SlFM0222,
SlFM0227,
SlFM0235,
SlFM0236,
SlFM0244,
SlFM0248,
SlFM0249,
SlFM0251,
SlFM0252,
SlFM0253,
SlFM0254,
SlFM0267,
SlFM0268,
SlFM0269,
SlFM0271,
SlFM0276,
SlFM0277,
SlFM0282,
SlFM0290,
SlFM0299,
SlFM0301,
SlFM0302,
SlFM0306,
SlFM0307,
SlFM0310,
SlFM0314,
SlFM0316,
SlFM0319,
SlFM0323,
SlFM0326,
SlFM0327,
SlFM0333,
SlFM0334,
SlFM0336,
SlFM0338,
SlFM0341,
SlFM0342,
SlFM0349,
SlFM0351,
SlFM0352,
SlFM0364,
SlFM0368,
SlFM0369,
SlFM0375,
SlFM0377,
SlFM0383,
SlFM0385,
SlFM0386,
SlFM0391,
SlFM0392,
SlFM0395,
SlFM0417,
SlFM0421,
SlFM0424,
SlFM0427,
SlFM0430,
SlFM0436,
SlFM0437,
SlFM0438,
SlFM0443,
SlFM0444,
SlFM0449,
SlFM0452,
SlFM0459,
SlFM0461,
SlFM0464,
SlFM0467,
SlFM0470,
SlFM0485,
SlFM0488,
SlFM0493,
SlFM0496,
SlFM0497,
SlFM0499,
SlFM0501,
SlFM0502,
SlFM0503,
SlFM0507,
SlFM0508,
SlFM0511,
SlFM0520,
SlFM0521,
SlFM0523,
SlFM0529,
SlFM0539,
SlFM0566,
SlFM0567,
SlFM0569,
SlFM0574,
SlFM0581,
SlFM0584,
SlFM0588,
SlFM0590,
SlFM0592,
SlFM0597,
SlFM0605,
SlFM0613,
SlFM0615,
SlFM0617,
SlFM0624,
SlFM0625,
SlFM0632,
SlFM0647,
SlFM0651,
SlFM0652,
SlFM0677,
SlFM0678,
SlFM0686,
SlFM0697,
SlFM0703,
SlFM0713,
SlFM0715,
SlFM0719,
SlFM0735,
SlFM0749,
SlFM0760,
SlFM0765,
SlFM0770,
SlFM0774,
SlFM0776,
SlFM0796,
SlFM0797,
SlFM0808,
SlFM0810,
SlFM0812,
SlFM0813,
SlFM0815,
SlFM0845,
SlFM0847,
SlFM0858,
SlFM0860,
SlFM0863,
SlFM0865,
SlFM0877,
SlFM0878,
SlFM0884,
SlFM0885,
SlFM0888,
SlFM0889,
SlFM0890,
SlFM0901,
SlFM0902,
SlFM0903,
SlFM0920,
SlFM0921,
SlFM0948,
SlFM0957,
SlFM0958,
SlFM0959,
SlFM0960,
SlFM0964,
SlFM0971,
SlFM0973,
SlFM0987,
SlFM1074,
SlFM1076,
SlFM1083,
SlFM1088,
SlFM1121,
SlFM1132,
SlFM1133,
SlFM1135,
SlFM1136,
SlFM1141,
SlFM1142,
SlFM1145,
SlFM1150,
SlFM1156,
SlFM1157,
SlFM1173,
SlFM1180,
SlFM1191,
SlFM1209,
SlFM1227,
SlFM1233,
SlFM1238,
SlFM1241,
SlFM1249,
SlFM1269,
SlFM1275,
SlFM1290,
SlFM1312,
SlFM1318,
SlFM1330,
SlFM1333,
SlFM1338,
SlFM1353,
SlFM1372,
SlFM1375,
SlFM1379,
SlFM1391,
SlFM1394,
SlFM1395,
SlFM1410,
SlFM1441,
SlFM1463,
SlFM1468,
SlFM1501,
SlFM1509,
SlFM1510,
SlFM1569,
SlFM1570,
SlFM1573,
SlFM1587,
SlFM1590,
SlFM1594,
SlFM1607,
SlFM1610,
SlFM1613,
SlFM1616,
SlFM1618,
SlFM1678,
SlFM1685,
SlFM1693,
SlFM1734,
SlFM1738,
SlFM1746,
SlFM1763,
SlFM1775,
SlFM1785,
SlFM1790,
SlFM1823,
SlFM1826,
SlFM1832,
SlFM1833,
SlFM1836,
SlFM1858,
SlFM1869,
SlFM1875,
SlFM1878,
SlFM1880,
SlFM1888,
SlFM1906,
SlFM1915,
SlFM1917,
SlFM1923,
SlFM1926,
SlFM1931,
SlFM1933,
SlFM1937,
SlFM1950,
SlFM1955,
SlFM1975,
SlFM1977,
SlFM1979,
SlFM1982,
SlFM1983,
SlFM1984,
SlFM1985,
SlFM1987,
SlFM1988,
SlFM1989,
SlFM1991,
SlFM1992,
SlFM1996,
SlFM1998,
,
,
,
,
,
,
,
,
,
,
,
,
,
,
,
,
,
,
,
,
,
,
,
,
,
,
,
,
,
,
,
,
,
,
,
,
,
,
,
,
,
,
,
,
,
,
,
,
,
,
,
,
,
,
,
,
,
,
,
,
,
,
,
,
,
,
,
,
,
,
,
,
,
,
,
,
,
,
,
,
,
,
,
,
,
,
,
,
,
,
,
,
,
,
,
,
,
,
,
,
,
,
,
,
,
,
,
,
,
,
,
,
,
,
,
,
,
,
,
,
,
,
,
,
,
,
,
,
,
,
,
,
,
,
,
,
,
,
,
,
,
,
,
,
,
,
,
,
,
,
,
,
,
,
,
,
,
,
,
,
,
,
,
,
,
,
,
,
,
,
,
,
,
,
,
,
,
,
,
,
,
,
,
,
,
,
,
,
,
,
,
,
,
,
,
,
,
,
,
,
,
,
,
,
,
,
,
,
,
,
,
,
,
,
,
,
,
,
,
,
,
,
,
,
,
,
,
,
,
,
,
,
,
,
,
,
,
,
,
,
,
,
,
,
,
,
,
,
,
,
,
,
,
,
,
,
,
,
,
,
,
,
,
,
,
,
,
,
,
,
,
,
,
,
,
,